image_idx,true_label,target_label,pred_label,success,l2_distance,best_c,time_seconds,confidence
0,7,6,6,True,0.45694617759365597,0.1140625,29.02106547355652,0.0
1,9,1,1,True,0.9115390996116676,0.1140625,28.384856700897217,0.0
2,9,2,2,True,0.7609402321643071,0.1140625,27.801308393478394,0.0
3,7,1,1,True,1.1143136574661445,0.1140625,27.02787184715271,0.0
4,2,1,1,True,1.8400768610201232,1.28125,28.17324924468994,0.0
5,3,9,9,True,1.2854796585319386,0.1140625,27.026602506637573,0.0
6,8,7,7,True,0.9948492616021757,0.1140625,27.037675857543945,0.0
7,4,0,0,True,0.22099044125046002,1.953125e-06,27.411539554595947,0.0
8,9,5,5,True,0.45869261213781237,0.010703125,27.613208055496216,0.0
9,4,7,7,True,1.2198257100572052,0.1140625,26.70246934890747,0.0
10,2,6,6,True,0.3687822731895401,0.1140625,28.026531219482422,0.0
11,8,6,6,True,0.3754581196233003,0.010703125,25.864218711853027,0.0
12,3,7,7,True,1.2256214395069653,0.1140625,26.64127206802368,0.0
13,2,5,5,True,0.8734699563972113,0.1140625,27.27892255783081,0.0
14,8,6,6,True,0.4559512950334586,0.1140625,26.82177233695984,0.0
15,8,6,6,True,0.3938004552212782,0.010703125,26.937584400177002,0.0
16,3,6,6,True,0.47205541584846417,0.010703125,28.389562129974365,0.0
17,6,2,2,True,0.46459138254568405,0.010703125,27.31369376182556,0.0
18,9,0,0,True,0.6227885700381176,0.1140625,27.617746829986572,0.0
19,1,2,2,True,0.5595207791599044,0.010703125,27.121250867843628,0.0
20,7,0,0,True,0.7194655215450196,0.1140625,27.527971267700195,0.0
21,1,3,3,True,0.015460521880743133,1.953125e-06,27.698301315307617,0.0
22,2,0,0,True,1.0371925909705295,0.1140625,27.618877410888672,0.0
23,8,0,0,True,0.49438624252287117,0.1140625,28.48460364341736,0.0
24,6,8,8,True,0.6972056344348476,0.1140625,27.448893070220947,0.0
25,6,3,3,True,6.184457005994009e-07,1.953125e-06,26.993741750717163,0.0
26,6,5,5,True,0.6686926148651572,0.1140625,27.34031081199646,0.0
27,7,3,3,True,5.578365674770914e-07,1.953125e-06,27.697598934173584,0.0
28,4,8,8,True,1.0534563579020018,0.1140625,26.797754049301147,0.0
29,4,5,5,True,0.33218844563447386,0.010703125,27.784159421920776,0.0
30,5,8,8,True,0.5824313740560099,0.1140625,27.722193717956543,0.0
31,4,1,1,True,1.6052926145587705,1.28125,26.415399312973022,0.0
32,6,5,5,True,0.9625493619076825,0.1140625,27.132553100585938,0.0
33,5,9,9,True,1.3866127081071487,0.1140625,27.21444535255432,0.0
34,5,6,6,True,0.5171560041627686,0.1140625,26.39112162590027,0.0
35,2,6,6,True,0.6528930179067785,0.1140625,27.877548933029175,0.0
36,8,3,3,True,9.208402211270265e-07,1.953125e-06,27.3764009475708,0.0
37,6,5,5,True,0.15167868157779468,0.010703125,27.332870960235596,0.0
38,3,9,9,True,1.3561384761681157,0.1140625,27.152852773666382,0.0
39,7,6,6,True,0.9084145576721556,0.1140625,26.725701570510864,0.0
40,7,2,2,True,0.2234770136353384,0.010703125,26.67042350769043,0.0
41,5,2,2,True,0.5156113593869253,0.010703125,27.891050100326538,0.0
42,6,7,7,True,1.2479769070732334,0.1140625,26.89029860496521,0.0
43,3,0,0,True,0.8381717450378772,0.1140625,27.620030879974365,0.0
44,3,7,7,True,1.1362032950594085,0.1140625,26.917354822158813,0.0
45,9,4,4,True,0.5685902025196501,0.010703125,26.666277170181274,0.0
46,8,5,5,True,1.1292234193022581,0.1140625,26.474117040634155,0.0
47,3,4,4,True,0.028354030711795552,1.953125e-06,25.822898864746094,0.0
48,2,6,6,True,0.5392251253151871,0.1140625,27.3612060546875,0.0
49,4,1,1,True,1.1742980321132697,1.28125,27.644675731658936,0.0
0,6,7,7,True,1.179399063519848,0.1140625,25.375820636749268,0.0
1,0,8,8,True,0.5696938176728117,0.1140625,27.40250325202942,0.0
2,8,2,2,True,1.153631389633705,0.1140625,27.806541681289673,0.0
3,2,8,8,True,0.4056127208091339,0.010703125,26.360211849212646,0.0
4,2,0,0,True,0.1569260396605117,0.010703125,27.52110528945923,0.0
5,8,6,6,True,0.6298671040313542,0.1140625,28.1139714717865,0.0
6,6,7,7,True,0.93668667163279,0.1140625,27.45895290374756,0.0
7,5,2,2,True,0.5034132919316282,0.010703125,27.906522750854492,0.0
8,5,6,6,True,0.7885138993474442,0.1140625,26.355282306671143,0.0
9,8,4,4,True,0.7520526770545674,0.010703125,26.885077714920044,0.0
10,3,2,2,True,0.5788496218847242,0.010703125,27.05993390083313,0.0
11,0,7,7,True,0.7484519797817868,0.1140625,27.35318160057068,0.0
12,7,1,1,True,1.2540812622765674,0.1140625,26.677069902420044,0.0
13,1,4,4,True,0.22064883484298284,1.953125e-06,27.94522714614868,0.0
14,4,7,7,True,0.8985558473343817,0.1140625,27.096632957458496,0.0
15,3,7,7,True,0.8341835731053228,0.1140625,27.251471042633057,0.0
16,2,5,5,True,0.4644313874543812,0.010703125,26.779024600982666,0.0
17,3,1,1,True,1.4530288500405946,1.28125,28.251137733459473,0.0
18,0,2,2,True,0.5654665814685165,0.010703125,27.856246948242188,0.0
19,2,7,7,True,1.566091225165431,0.1140625,27.317130088806152,0.0
20,5,2,2,True,0.7756585491833792,0.1140625,27.952669858932495,0.0
21,4,3,3,True,8.079329349199479e-07,1.953125e-06,27.471381425857544,0.0
22,9,7,7,True,0.8381188355289566,0.1140625,26.540169954299927,0.0
23,6,9,9,True,1.3801415289300294,0.1140625,26.981647729873657,0.0
24,7,8,8,True,0.9168985499794605,0.1140625,27.68797254562378,0.0
25,5,9,9,True,0.9353857359554889,0.1140625,26.80910849571228,0.0
26,2,7,7,True,0.8002377410135606,0.1140625,28.22073459625244,0.0
27,6,1,1,True,1.4366002791629495,0.1140625,26.913223028182983,0.0
28,3,4,4,True,0.5554295264451161,0.010703125,27.739484548568726,0.0
29,1,6,6,True,0.8484432943859314,0.1140625,26.72876763343811,0.0
30,9,2,2,True,0.4063686234341463,0.010703125,27.135035276412964,0.0
31,1,0,0,True,0.42692248486638407,0.010703125,27.6584312915802,0.0
32,7,0,0,True,0.5041372967144192,0.1140625,28.266460418701172,0.0
33,6,5,5,True,0.7723074855853121,0.1140625,27.785457849502563,0.0
34,0,2,2,True,0.44260372347086446,0.1140625,27.86107587814331,0.0
35,7,9,9,True,0.9030880191187783,0.1140625,27.835381984710693,0.0
36,0,2,2,True,0.6187341119672282,0.010703125,26.898120403289795,0.0
37,8,6,6,True,0.6318088625924797,0.1140625,27.371344327926636,0.0
38,9,7,7,True,0.35815702201987054,0.010703125,27.301281690597534,0.0
39,7,3,3,True,0.25791189416302,0.010703125,27.725685358047485,0.0
40,0,9,9,True,1.429645225024952,0.1140625,27.203361749649048,0.0
41,5,4,4,True,0.7310936850384502,0.1140625,26.56803059577942,0.0
42,5,8,8,True,0.6109723405586659,0.010703125,26.7406907081604,0.0
43,6,8,8,True,1.4177023897553283,0.1140625,26.32762598991394,0.0
44,3,7,7,True,1.2359218321529322,0.1140625,26.13224506378174,0.0
45,6,5,5,True,0.6090931362786846,0.1140625,27.67424178123474,0.0
46,5,0,0,True,1.1162181997521845,0.1140625,27.619380712509155,0.0
47,1,9,9,True,0.7721056018410222,0.1140625,27.02216625213623,0.0
48,6,4,4,True,0.368964117731078,0.010703125,27.230138778686523,0.0
49,3,1,1,True,1.6316705388200823,1.28125,27.451694011688232,0.0
0,9,0,0,True,0.9013476137162361,0.1140625,27.402183532714844,0.0
1,4,5,5,True,0.7163614306891231,0.1140625,28.12393045425415,0.0
2,1,4,4,True,0.002457635551575549,1.953125e-06,27.673285007476807,0.0
3,8,7,7,True,1.1593866332259655,0.1140625,27.291072130203247,0.0
4,1,5,5,True,0.6856696516117902,0.1140625,26.857726097106934,0.0
5,7,8,8,True,0.40761779726619835,0.010703125,26.461682081222534,0.0
6,5,0,0,True,0.6375945451227896,0.1140625,27.640758275985718,0.0
7,2,3,3,True,0.7897785827738998,0.1140625,27.281009912490845,0.0
8,7,5,5,True,0.5244234393256483,0.010703125,27.28326988220215,0.0
9,6,7,7,True,0.9902154141930088,0.1140625,28.211875915527344,0.0
10,7,0,0,True,0.7663508497274142,0.1140625,26.873154401779175,0.0
11,6,3,3,True,7.638207901337328e-07,1.953125e-06,27.751787662506104,0.0
12,8,1,1,True,1.2999821404917584,0.1140625,27.966903924942017,0.0
13,1,6,6,True,0.4760511813336309,0.1140625,26.592878103256226,0.0
14,2,1,1,True,1.8402027338749565,1.28125,27.77329421043396,0.0
15,5,6,6,True,0.5718056193721747,0.1140625,27.60682439804077,0.0
16,8,1,1,True,1.2546769385172412,0.1140625,27.421873569488525,0.0
17,1,7,7,True,1.0985743257001432,0.1140625,27.42920231819153,0.0
18,7,3,3,True,0.7814908991385641,0.1140625,28.062259197235107,0.0
19,6,5,5,True,0.6127485160358316,0.1140625,26.52001976966858,0.0
20,1,9,9,True,0.3275244302955927,0.1140625,26.79089879989624,0.0
21,3,1,1,True,1.6842344264323572,1.28125,27.650689601898193,0.0
22,5,7,7,True,0.885989389127824,0.1140625,26.99223017692566,0.0
23,0,4,4,True,0.9983359438926263,0.1140625,27.22641348838806,0.0
24,1,0,0,True,0.43537713066037526,0.010703125,26.421643495559692,0.0
25,9,5,5,True,0.31378175608960085,0.010703125,27.353527307510376,0.0
26,2,3,3,True,0.38454275889807654,0.010703125,26.106436252593994,0.0
27,9,1,1,True,0.9222192606406042,0.1140625,26.69783329963684,0.0
28,4,9,9,True,0.8933175861574422,0.1140625,27.614910364151,0.0
29,9,1,1,True,1.1525391493827815,0.1140625,27.794639825820923,0.0
30,6,3,3,True,7.517925182066389e-07,1.953125e-06,27.360328197479248,0.0
31,8,7,7,True,1.0579328550222238,0.1140625,27.865671157836914,0.0
32,2,1,1,True,1.8326210097551863,1.28125,26.8101646900177,0.0
33,4,7,7,True,1.0587501551099932,0.1140625,27.41073250770569,0.0
34,3,5,5,True,0.5343490415815637,0.1140625,27.70202398300171,0.0
35,3,2,2,True,0.786587752920832,0.1140625,27.406112909317017,0.0
36,6,4,4,True,0.20241263075125668,1.953125e-06,27.44832420349121,0.0
37,9,7,7,True,0.5562212518699724,0.1140625,26.90375518798828,0.0
38,6,2,2,True,0.6047034318190365,0.010703125,26.78653883934021,0.0
39,2,9,9,True,1.0230249053705203,0.1140625,26.731788158416748,0.0
40,8,5,5,True,0.474914327223563,0.1140625,27.626866579055786,0.0
41,8,7,7,True,1.3694929466831929,0.1140625,26.124747276306152,0.0
42,2,9,9,True,1.674515679783507,0.1140625,27.2721107006073,0.0
43,1,6,6,True,0.6332317423487035,0.1140625,27.134904623031616,0.0
44,1,4,4,True,0.008039823142169528,1.953125e-06,27.86832332611084,0.0
45,6,4,4,True,7.841802443010576e-07,1.953125e-06,26.98267436027527,0.0
46,6,7,7,True,0.9171500593143709,0.1140625,27.230644464492798,0.0
47,7,4,4,True,7.806416708175067e-07,1.953125e-06,28.113916397094727,0.0
48,9,2,2,True,0.41921003465554,0.010703125,27.450884580612183,0.0
49,1,7,7,True,0.986401485321028,0.1140625,27.69822931289673,0.0
0,9,8,8,True,0.5249875021763911,0.010703125,26.8279709815979,0.0
1,7,2,2,True,0.6824459139384444,0.010703125,27.337839126586914,0.0
2,0,3,3,True,0.7262911956580159,0.1140625,26.294249057769775,0.0
3,9,3,3,True,0.24339631108013418,0.010703125,26.60773777961731,0.0
4,9,1,1,True,1.2133169607395764,0.1140625,26.90400242805481,0.0
5,0,8,8,True,0.19175499655046366,0.010703125,27.263659477233887,0.0
6,2,8,8,True,1.0463795414694939,0.1140625,27.179810285568237,0.0
7,9,2,2,True,0.6492447940821877,0.010703125,26.79505467414856,0.0
8,9,1,1,True,1.0838242421135305,0.1140625,26.64007544517517,0.0
9,1,0,0,True,0.5837997859252009,0.010703125,26.873542070388794,0.0
10,1,6,6,True,0.37346228593108405,0.010703125,26.831162452697754,0.0
11,5,9,9,True,1.3997495665674753,0.1140625,27.435882091522217,0.0
12,4,5,5,True,0.4066592502634286,0.010703125,27.59928035736084,0.0
13,1,0,0,True,0.1770816597204969,0.010703125,27.478753089904785,0.0
14,7,5,5,True,0.2319170172941477,0.010703125,26.83905553817749,0.0
15,6,1,1,True,1.7588085827970052,0.1140625,27.73480486869812,0.0
16,6,5,5,True,0.3775905694376922,0.010703125,27.532703638076782,0.0
17,5,1,1,True,1.3524708864953225,0.1140625,27.585755348205566,0.0
18,2,6,6,True,0.7208179082671726,0.1140625,27.473095178604126,0.0
19,1,3,3,True,6.298213083430303e-07,1.953125e-06,28.423478841781616,0.0
20,2,1,1,True,1.4675271645522376,1.28125,26.420839071273804,0.0
21,7,1,1,True,1.506274847561724,0.1140625,26.903311729431152,0.0
22,0,9,9,True,0.7531994683895372,0.1140625,26.62814688682556,0.0
23,1,8,8,True,4.4162369836447915e-07,1.953125e-06,26.96915340423584,0.0
24,8,6,6,True,0.6959549796586156,0.1140625,27.18867778778076,0.0
25,3,2,2,True,0.14234932085644997,0.010703125,27.906387329101562,0.0
26,5,7,7,True,1.3189884747572127,0.1140625,26.745908498764038,0.0
27,5,8,8,True,0.9932646423842898,0.1140625,27.79782772064209,0.0
28,4,5,5,True,0.754556760658865,0.1140625,26.91631579399109,0.0
29,7,0,0,True,0.6335666542515366,0.1140625,26.33760142326355,0.0
30,9,7,7,True,1.0057691811428178,0.1140625,28.24806523323059,0.0
31,7,6,6,True,0.6100787720473467,0.1140625,26.859882354736328,0.0
32,8,2,2,True,0.7278234553218927,0.1140625,27.53127694129944,0.0
33,5,3,3,True,7.25508654329466e-07,1.953125e-06,27.085164546966553,0.0
34,2,8,8,True,0.5290408482996533,0.1140625,27.175956964492798,0.0
35,4,2,2,True,0.24159703262017446,0.010703125,26.304226875305176,0.0
36,4,8,8,True,0.7652706961314695,0.1140625,27.380621671676636,0.0
37,2,4,4,True,0.02999534664907716,1.953125e-06,26.665470838546753,0.0
38,2,5,5,True,0.744277581054624,0.1140625,27.964061737060547,0.0
39,1,8,8,True,0.08205673128550293,1.953125e-06,26.789365768432617,0.0
40,0,9,9,True,0.8002177418979426,0.1140625,26.971383333206177,0.0
41,4,5,5,True,0.27407441212289124,0.010703125,27.765353441238403,0.0
42,6,1,1,True,0.7638359186321703,0.1140625,26.98879647254944,0.0
43,0,4,4,True,0.24367766162768525,0.010703125,27.262264251708984,0.0
44,5,0,0,True,0.9442547641964226,0.1140625,28.341285228729248,0.0
45,8,6,6,True,0.30074368279418945,0.010703125,27.421658992767334,0.0
46,3,4,4,True,0.6786415778197694,0.010703125,27.379006147384644,0.0
47,2,7,7,True,0.9328698899396093,0.1140625,27.017783880233765,0.0
48,1,8,8,True,0.3349462011003976,0.010703125,25.898091554641724,0.0
49,2,5,5,True,0.6460671360572466,0.1140625,27.6871120929718,0.0
0,9,8,8,True,0.41782337405677517,0.010703125,27.531569242477417,0.0
1,4,8,8,True,0.5530263715840221,0.1140625,27.05001187324524,0.0
2,1,5,5,True,7.38565519457379e-07,1.953125e-06,28.11007285118103,0.0
3,9,4,4,True,0.07833409342730992,0.00103515625,26.747137784957886,0.0
4,5,7,7,True,1.2045831142774128,0.1140625,26.254406213760376,0.0
5,4,7,7,True,1.1736095561381514,0.1140625,27.148394107818604,0.0
6,2,0,0,True,0.28740041604466543,0.010703125,27.69520139694214,0.0
7,5,3,3,True,5.088806544700022e-07,1.953125e-06,27.830914735794067,0.0
8,4,1,1,True,1.2087231478622806,0.1140625,27.573837518692017,0.0
9,2,6,6,True,0.3784732113785412,0.010703125,27.58988380432129,0.0
10,7,2,2,True,0.5987782636115758,0.010703125,27.916864156723022,0.0
11,4,9,9,True,1.034592154489972,0.1140625,26.787011861801147,0.0
12,5,1,1,True,1.2677072421058508,0.1140625,27.39481496810913,0.0
13,4,9,9,True,1.2960622147856298,0.1140625,28.82505965232849,0.0
14,3,7,7,True,0.9085934036267342,0.1140625,28.197359323501587,0.0
15,5,4,4,True,0.338283894288474,0.010703125,27.976171016693115,0.0
16,8,3,3,True,1.0486290883143614,0.1140625,27.861021995544434,0.0
17,8,3,3,True,0.6271704181346396,0.1140625,27.38264298439026,0.0
18,6,5,5,True,0.5505287728027349,0.010703125,26.78795599937439,0.0
19,2,3,3,True,0.17898585326817706,0.010703125,27.536164045333862,0.0
20,9,6,6,True,0.3586042265514768,0.1140625,28.94460916519165,0.0
21,5,9,9,True,1.534276656905239,0.1140625,27.51467776298523,0.0
22,8,4,4,True,0.41433609614419115,0.010703125,27.984090089797974,0.0
23,5,6,6,True,0.6742294664293765,0.1140625,27.64375591278076,0.0
24,8,2,2,True,0.8304313356973625,0.1140625,27.01978874206543,0.0
25,3,5,5,True,0.8823847451742552,0.1140625,27.928420066833496,0.0
26,3,8,8,True,0.8147199820191335,0.1140625,27.074056148529053,0.0
27,3,8,8,True,1.1096493556375076,0.1140625,27.841561794281006,0.0
28,8,9,9,True,1.2268970786394826,0.1140625,28.182933807373047,0.0
29,9,5,5,True,0.5572400529674483,0.010703125,26.75002670288086,0.0
30,8,6,6,True,0.2299677527409031,0.010703125,26.9792160987854,0.0
31,5,6,6,True,0.24739941627852594,0.010703125,28.089977979660034,0.0
32,8,6,6,True,0.8278326562175077,0.010703125,27.07677412033081,0.0
33,0,4,4,True,0.4671394655163701,0.010703125,27.980141162872314,0.0
34,4,2,2,True,0.5195042882821258,0.010703125,27.336965322494507,0.0
35,9,1,1,True,0.8443249050728238,0.1140625,27.75956082344055,0.0
36,6,5,5,True,0.07241569865122624,1.953125e-06,27.52092170715332,0.0
37,6,4,4,True,0.6158838628274835,0.010703125,27.328176259994507,0.0
38,1,2,2,True,0.13993867976639912,0.010703125,27.47794508934021,0.0
39,3,4,4,True,0.3136415017934385,0.010703125,27.97053289413452,0.0
40,2,6,6,True,0.7548819439526455,0.1140625,26.545485258102417,0.0
41,9,6,6,True,0.439008055056922,0.010703125,27.414506673812866,0.0
42,6,1,1,True,1.2198802890829055,0.1140625,27.59428906440735,0.0
43,8,3,3,True,0.22359437903762933,1.953125e-06,26.595886707305908,0.0
44,9,0,0,True,0.3499152587585367,0.010703125,28.79442572593689,0.0
45,1,8,8,True,0.896380782115514,0.1140625,28.561439275741577,0.0
46,8,4,4,True,1.2773272312041115,0.1140625,27.870601892471313,0.0
47,0,1,1,True,1.737606714937151,1.28125,28.558414697647095,0.0
48,3,8,8,True,1.1024312590883,0.1140625,28.470340490341187,0.0
49,9,7,7,True,0.8116252665434822,0.1140625,27.919915914535522,0.0
0,7,8,8,True,1.2250078395670505,0.1140625,28.12772536277771,0.0
1,8,4,4,True,0.5263291948581381,0.010703125,28.502849578857422,0.0
2,3,7,7,True,1.184062701195312,0.1140625,28.098479986190796,0.0
3,4,1,1,True,1.4717876594692727,0.1140625,28.279998064041138,0.0
4,3,2,2,True,0.4316468562025925,0.010703125,28.227851152420044,0.0
5,8,2,2,True,0.7399603102324471,0.1140625,27.277576684951782,0.0
6,6,0,0,True,0.2709682965842901,0.010703125,27.07109761238098,0.0
7,1,8,8,True,0.3559339016070179,0.010703125,27.35107183456421,0.0
8,7,9,9,True,1.214282135998238,0.1140625,27.581623554229736,0.0
9,8,1,1,True,1.3044111678734764,0.1140625,27.39425778388977,0.0
10,9,8,8,True,5.498211720774076e-07,1.953125e-06,27.89270544052124,0.0
11,7,2,2,True,1.1675430593779867,0.1140625,27.846359968185425,0.0
12,1,3,3,True,0.3161470034020949,0.010703125,27.100486755371094,0.0
13,8,1,1,True,1.1212317086113142,0.1140625,26.700080633163452,0.0
14,9,4,4,True,0.41689129575937983,0.010703125,28.2438325881958,0.0
15,4,8,8,True,0.7182886052496716,0.1140625,27.48372745513916,0.0
16,3,5,5,True,0.978260669500911,0.1140625,27.75005578994751,0.0
17,8,5,5,True,0.5480831968923968,0.010703125,27.985633850097656,0.0
18,8,0,0,True,0.7630112856808974,0.1140625,27.853683471679688,0.0
19,8,7,7,True,0.9427223028900735,0.1140625,27.13115119934082,0.0
20,0,7,7,True,1.405176431092503,0.1140625,27.67940616607666,0.0
21,9,4,4,True,0.17764238974487936,0.010703125,27.705323934555054,0.0
22,8,5,5,True,0.7527945826493634,0.1140625,26.311904907226562,0.0
23,9,6,6,True,0.6547117369906501,0.1140625,28.219216108322144,0.0
24,4,2,2,True,0.25203889673201035,0.010703125,27.83622455596924,0.0
25,8,6,6,True,1.0053043352577553,0.1140625,27.927844285964966,0.0
26,6,3,3,True,6.41579192303769e-07,1.953125e-06,27.368613481521606,0.0
27,3,2,2,True,0.4794904627254255,0.010703125,28.11845302581787,0.0
28,3,9,9,True,1.2874904409998131,0.1140625,27.62246322631836,0.0
29,4,9,9,True,0.9884600571824238,0.1140625,27.377853870391846,0.0
30,4,2,2,True,0.23937337770236003,0.010703125,28.09298086166382,0.0
31,8,5,5,True,0.6594481423113714,0.1140625,27.673869132995605,0.0
32,9,1,1,True,1.473032288642231,0.1140625,27.69476628303528,0.0
33,1,8,8,True,0.8883923436784321,0.1140625,28.213748455047607,0.0
34,3,7,7,True,1.2373485241284947,0.1140625,28.43286657333374,0.0
35,9,6,6,True,0.945668586941682,0.1140625,27.788677215576172,0.0
36,1,4,4,True,0.01238939912601859,1.953125e-06,27.629734992980957,0.0
37,6,1,1,True,1.2071917775883383,0.1140625,28.857157707214355,0.0
38,9,5,5,True,0.2902988079936187,0.010703125,27.99500036239624,0.0
39,9,4,4,True,0.2547006650459195,0.010703125,27.969473600387573,0.0
40,7,3,3,True,7.016216139193507e-07,1.953125e-06,28.233724355697632,0.0
41,5,8,8,True,1.260125775568848,0.1140625,28.965072870254517,0.0
42,7,2,2,True,0.33913716491747903,0.010703125,26.03308629989624,0.0
43,5,3,3,True,7.396577724911795e-07,1.953125e-06,28.252152681350708,0.0
44,6,3,3,True,8.12967260447403e-07,1.953125e-06,26.334781646728516,0.0
45,7,2,2,True,0.07408415360129834,1.953125e-06,26.35975170135498,0.0
46,7,9,9,True,1.1730431393091636,0.1140625,27.273762941360474,0.0
47,9,3,3,True,0.20536778293612837,0.010703125,28.367109060287476,0.0
48,5,2,2,True,6.436887701289409e-07,1.953125e-06,27.074811697006226,0.0
49,1,0,0,True,0.5909442361803784,0.1140625,28.194840669631958,0.0
0,6,5,5,True,0.8339001793986195,0.1140625,26.9754056930542,0.0
1,9,1,1,True,1.0305140209882193,0.1140625,26.56192421913147,0.0
2,4,6,6,True,0.7780281772659335,0.1140625,28.193340063095093,0.0
3,6,7,7,True,1.4630120383632363,0.1140625,26.905008554458618,0.0
4,6,0,0,True,0.9507682304149149,0.1140625,27.738891124725342,0.0
5,5,7,7,True,1.0903281499210193,0.1140625,28.125013828277588,0.0
6,2,3,3,True,9.109934457184993e-07,1.953125e-06,27.720962524414062,0.0
7,2,3,3,True,0.2393729030402742,1.953125e-06,27.25342059135437,0.0
8,5,8,8,True,0.5442462136816353,0.1140625,28.052011489868164,0.0
9,9,7,7,True,0.4850089784902109,0.010703125,27.1756649017334,0.0
10,1,6,6,True,0.3167295805439454,0.010703125,28.245816707611084,0.0
11,7,5,5,True,0.11398002078895443,0.010703125,27.57215905189514,0.0
12,1,0,0,True,0.2234575342653313,1.953125e-06,27.680604219436646,0.0
13,0,1,1,True,1.2596291164986964,0.1140625,27.58364200592041,0.0
14,4,8,8,True,0.2556200436902067,0.010703125,25.961333513259888,0.0
15,8,5,5,True,1.184982140161028,0.1140625,26.972428560256958,0.0
16,4,8,8,True,0.7280897271122003,0.1140625,27.399885416030884,0.0
17,8,1,1,True,1.223603975119093,0.1140625,26.412001848220825,0.0
18,2,9,9,True,0.6905851499357836,0.1140625,27.968168020248413,0.0
19,0,1,1,True,1.4473287179967902,0.1140625,28.15963387489319,0.0
20,9,8,8,True,5.195678285244447e-07,1.953125e-06,26.343310356140137,0.0
21,1,9,9,True,1.1664781531664343,0.1140625,27.302077770233154,0.0
22,1,9,9,True,0.5317556275059645,0.1140625,27.55248236656189,0.0
23,9,3,3,True,0.23890613478563624,0.010703125,26.793840169906616,0.0
24,1,5,5,True,0.4070101375559188,0.010703125,27.8969943523407,0.0
25,9,7,7,True,1.0260495929444133,0.1140625,27.756101608276367,0.0
26,0,5,5,True,0.9704062239981937,0.1140625,26.821770429611206,0.0
27,9,5,5,True,0.02276493202397107,1.953125e-06,26.95541000366211,0.0
28,1,9,9,True,0.7326785032179931,0.1140625,26.925631284713745,0.0
29,3,8,8,True,1.1608169677924438,0.1140625,27.888746976852417,0.0
30,9,6,6,True,0.4636181293244831,0.1140625,28.160221338272095,0.0
31,6,5,5,True,0.6002656904693646,0.1140625,26.963565587997437,0.0
32,8,9,9,True,1.095366563972812,0.1140625,28.35430407524109,0.0
33,4,8,8,True,0.5997705895219788,0.1140625,27.000881671905518,0.0
34,5,4,4,True,1.1932726639681857,0.1140625,26.977457523345947,0.0
35,2,7,7,True,1.4940962641494724,0.1140625,27.614198207855225,0.0
36,4,7,7,True,1.0289685994390654,0.1140625,27.43735694885254,0.0
37,2,4,4,True,0.6255398326299662,0.010703125,27.272767305374146,0.0
38,1,6,6,True,0.551342779383448,0.1140625,28.950690746307373,0.0
39,9,2,2,True,0.641886283604471,0.1140625,27.62911891937256,0.0
40,3,6,6,True,1.2069123836122544,0.1140625,27.630756378173828,0.0
41,9,1,1,True,1.2141114999512874,0.1140625,27.783228158950806,0.0
42,2,7,7,True,0.8989002860295966,0.1140625,26.853984832763672,0.0
43,2,3,3,True,1.873046918209871e-07,1.953125e-06,29.435790061950684,0.0
44,9,2,2,True,0.6099034487810525,0.010703125,28.01940417289734,0.0
45,8,0,0,True,0.876573986175406,0.1140625,28.954803228378296,0.0
46,9,7,7,True,0.5022776107793903,0.1140625,28.47987699508667,0.0
47,1,7,7,True,0.9552385940389948,0.1140625,29.007593393325806,0.0
48,7,3,3,True,0.49510514886128487,0.010703125,27.94195556640625,0.0
49,4,9,9,True,1.2300073152029953,0.1140625,27.82931876182556,0.0
0,9,5,5,True,0.4370650615848911,0.1140625,27.63553762435913,0.0
1,6,2,2,True,4.971302286194315e-07,1.953125e-06,28.09920835494995,0.0
2,9,1,1,True,0.9778275497609654,0.1140625,27.405850887298584,0.0
3,1,2,2,True,0.8165269607302228,0.1140625,27.512190580368042,0.0
4,6,0,0,True,0.6063954552444287,0.1140625,27.601277351379395,0.0
5,2,0,0,True,0.10528017776228585,1.953125e-06,28.46727752685547,0.0
6,5,1,1,True,1.360210775633271,0.1140625,28.214587450027466,0.0
7,0,2,2,True,0.4851185106719709,0.1140625,27.814069986343384,0.0
8,8,6,6,True,0.6544768584074749,0.1140625,27.92634868621826,0.0
9,7,6,6,True,0.7384383423001736,0.1140625,27.253915071487427,0.0
10,6,3,3,True,0.431548130257465,0.010703125,27.231141328811646,0.0
11,1,6,6,True,0.8478334654744263,0.1140625,28.0762939453125,0.0
12,0,2,2,True,0.9739272916746347,0.1140625,27.871044397354126,0.0
13,5,4,4,True,0.6007695607411111,0.010703125,27.381489992141724,0.0
14,7,8,8,True,1.2246833061035487,0.1140625,27.905016660690308,0.0
15,2,1,1,True,1.6646077870023768,1.28125,26.847663402557373,0.0
16,0,6,6,True,0.9168151099492737,0.1140625,26.27184009552002,0.0
17,7,8,8,True,0.6076995607391774,0.010703125,27.480252504348755,0.0
18,9,6,6,True,0.31069163181532666,0.010703125,27.693886756896973,0.0
19,8,6,6,True,0.37938616533518804,0.010703125,27.48131775856018,0.0
20,0,5,5,True,0.9279658942203542,0.1140625,28.274476528167725,0.0
21,6,8,8,True,1.149390934247184,0.1140625,28.28021764755249,0.0
22,7,3,3,True,0.8237535148973973,0.010703125,27.90624737739563,0.0
23,6,0,0,True,1.2027053596587132,0.1140625,26.905427932739258,0.0
24,8,2,2,True,0.2995507721367112,0.010703125,27.497946739196777,0.0
25,1,9,9,True,1.297161714044362,0.1140625,27.098084926605225,0.0
26,9,3,3,True,3.4691234608956623e-07,1.953125e-06,28.883806228637695,0.0
27,1,2,2,True,0.6385756953902438,0.1140625,27.037306785583496,0.0
28,1,5,5,True,0.5658916898456656,0.1140625,28.653865814208984,0.0
29,6,7,7,True,1.172710883528082,0.1140625,27.07070279121399,0.0
30,9,2,2,True,0.5327698620602741,0.010703125,27.3535373210907,0.0
31,0,5,5,True,0.5348524916143724,0.1140625,27.337915658950806,0.0
32,6,2,2,True,0.2994488396699979,0.010703125,27.59035563468933,0.0
33,3,7,7,True,1.2665711622038422,0.1140625,27.499781608581543,0.0
34,3,2,2,True,0.5693462495213476,0.010703125,28.20903205871582,0.0
35,8,9,9,True,1.8579439699000844,0.1140625,26.839129209518433,0.0
36,9,5,5,True,0.5678541946848712,0.1140625,27.20849633216858,0.0
37,6,4,4,True,0.46161162655400745,0.010703125,30.43898606300354,0.0
38,8,4,4,True,0.788293898512172,0.010703125,27.405142068862915,0.0
39,9,2,2,True,0.4315343700138408,0.010703125,27.216742277145386,0.0
40,5,9,9,True,0.8786926688190059,0.1140625,27.677021265029907,0.0
41,5,3,3,True,5.83394614767481e-07,1.953125e-06,27.67014741897583,0.0
42,7,8,8,True,1.029138078691493,0.1140625,27.64971351623535,0.0
43,3,2,2,True,0.8879178044278896,0.1140625,28.177183866500854,0.0
44,1,2,2,True,0.23585326194106687,0.010703125,27.75581932067871,0.0
45,8,5,5,True,0.8544384748743359,0.1140625,27.431784629821777,0.0
46,4,9,9,True,1.3569711060227356,0.1140625,28.782819509506226,0.0
47,4,1,1,True,1.3487147500396395,0.1140625,27.32471799850464,0.0
48,5,8,8,True,0.823877417589639,0.1140625,27.750614166259766,0.0
49,1,6,6,True,0.5586281879186414,0.1140625,28.012056589126587,0.0
0,3,5,5,True,0.3743605327199012,0.010703125,27.146849870681763,0.0
1,0,9,9,True,0.9435693732200391,0.1140625,27.9692063331604,0.0
2,6,8,8,True,0.9186566311888363,0.1140625,27.783124208450317,0.0
3,1,2,2,True,0.9437562727561805,0.1140625,27.199774980545044,0.0
4,7,1,1,True,1.3759760426830991,1.28125,27.42697310447693,0.0
5,2,6,6,True,0.34885200854446724,0.010703125,27.627544164657593,0.0
6,2,4,4,True,0.22817157864252594,1.953125e-06,27.435264587402344,0.0
7,0,3,3,True,5.971878621080023e-07,1.953125e-06,28.99623203277588,0.0
8,0,5,5,True,0.9974389660359159,0.1140625,27.314850091934204,0.0
9,1,8,8,True,0.3433128525047916,0.010703125,28.7867648601532,0.0
10,4,7,7,True,0.9171369964368215,0.1140625,28.13625454902649,0.0
11,9,0,0,True,0.5996261246419972,0.1140625,26.30527424812317,0.0
12,0,7,7,True,0.8723996214523438,0.1140625,27.44936227798462,0.0
13,8,0,0,True,0.8019448363056495,0.1140625,27.824673175811768,0.0
14,1,3,3,True,3.9647661027999415e-07,1.953125e-06,26.9854736328125,0.0
15,0,1,1,True,1.4158925391008648,0.1140625,27.718838691711426,0.0
16,4,0,0,True,0.461131216819552,0.1140625,28.295108318328857,0.0
17,0,3,3,True,0.26317759207993363,0.010703125,26.012073516845703,0.0
18,0,2,2,True,0.7345197413228005,0.010703125,27.501997470855713,0.0
19,1,4,4,True,0.2109265059679044,0.010703125,27.253412008285522,0.0
20,7,3,3,True,0.2013942729889769,1.953125e-06,27.72638249397278,0.0
21,1,2,2,True,0.8223915637925981,0.1140625,27.680471420288086,0.0
22,0,9,9,True,0.4962915341654619,0.1140625,28.37829303741455,0.0
23,2,8,8,True,0.05811735240042668,0.010703125,27.553736925125122,0.0
24,5,4,4,True,0.8794126281062362,0.1140625,27.750274419784546,0.0
25,7,6,6,True,0.3392825151145659,0.010703125,27.51792049407959,0.0
26,0,3,3,True,0.15354956962617677,0.010703125,28.04453444480896,0.0
27,6,3,3,True,5.758323119223589e-07,1.953125e-06,27.943278789520264,0.0
28,8,9,9,True,0.7560239312103044,0.1140625,27.818068265914917,0.0
29,9,3,3,True,0.158922473234994,0.010703125,28.592827558517456,0.0
30,1,4,4,True,7.723117041816438e-07,1.953125e-06,27.805663108825684,0.0
31,5,0,0,True,0.2012565952902591,0.010703125,27.899205207824707,0.0
32,3,8,8,True,1.0731670988575417,0.1140625,30.071825981140137,0.0
33,5,2,2,True,0.5943741780144015,0.010703125,29.576924085617065,0.0
34,1,7,7,True,1.4240437829648291,0.1140625,27.799918174743652,0.0
35,7,3,3,True,0.6010836392120735,0.010703125,27.349188327789307,0.0
36,0,8,8,True,0.15486697612679326,0.010703125,27.609512329101562,0.0
37,6,2,2,True,0.21469693803100717,0.010703125,27.38901162147522,0.0
38,4,0,0,True,0.3828702221384564,0.010703125,26.224346160888672,0.0
39,1,7,7,True,0.6587680916229146,0.1140625,27.967841386795044,0.0
40,2,0,0,True,1.2145815256584067,0.1140625,25.30431079864502,0.0
41,6,0,0,True,0.3485879521932941,0.1140625,27.48696255683899,0.0
42,6,9,9,True,0.9915653591072707,0.1140625,26.968864917755127,0.0
43,9,4,4,True,0.24156132627451246,0.010703125,27.66650390625,0.0
44,7,0,0,True,0.43888119249530233,0.010703125,27.20984435081482,0.0
45,4,8,8,True,0.8669423280847851,0.1140625,28.227754592895508,0.0
46,8,6,6,True,0.38461287123977633,0.010703125,27.016619205474854,0.0
47,8,9,9,True,1.526836574475356,0.1140625,27.378706216812134,0.0
48,1,9,9,True,0.8751679327439891,0.1140625,26.63349151611328,0.0
49,5,6,6,True,0.7852506818018458,0.1140625,27.272559642791748,0.0
0,5,2,2,True,0.4517900434805707,0.1140625,27.505662441253662,0.0
1,0,5,5,True,0.6719144765212683,0.1140625,27.256143808364868,0.0
2,9,3,3,True,5.7570012112977e-07,1.953125e-06,28.09932780265808,0.0
3,6,4,4,True,0.25377274451243237,0.010703125,27.67563533782959,0.0
4,5,7,7,True,1.0892209697126733,0.1140625,25.548078775405884,0.0
5,3,6,6,True,0.6860938864985595,0.1140625,28.02763795852661,0.0
6,2,6,6,True,0.4678628155209455,0.1140625,27.646992921829224,0.0
7,4,1,1,True,1.24061936538147,0.1140625,27.657387018203735,0.0
8,1,5,5,True,0.2473100546985171,0.010703125,25.946641206741333,0.0
9,1,9,9,True,0.45317396359790496,0.1140625,27.711141109466553,0.0
10,4,6,6,True,0.46225698375635677,0.1140625,28.698526620864868,0.0
11,6,3,3,True,6.823588929148523e-07,1.953125e-06,28.345824480056763,0.0
12,0,7,7,True,0.7458991950451525,0.1140625,27.718658447265625,0.0
13,6,4,4,True,7.28424204128979e-07,1.953125e-06,29.106603622436523,0.0
14,0,9,9,True,1.093454375506119,0.1140625,28.766005754470825,0.0
15,0,1,1,True,1.3888656116230425,1.28125,27.535040616989136,0.0
16,4,2,2,True,0.1871822864175792,0.010703125,28.392242908477783,0.0
17,0,5,5,True,0.8276526345492156,0.1140625,25.211770057678223,0.0
18,8,1,1,True,1.0823842378348336,0.1140625,26.21136999130249,0.0
19,7,6,6,True,0.7127501466898799,0.1140625,27.85534405708313,0.0
20,4,6,6,True,0.9009448350388795,0.1140625,28.093745231628418,0.0
21,5,1,1,True,1.9895102069724249,1.28125,27.103104829788208,0.0
22,7,8,8,True,0.10133510589081925,0.010703125,27.37405276298523,0.0
23,7,2,2,True,0.5448855042710716,0.010703125,28.523040533065796,0.0
24,3,8,8,True,0.21123228843917474,1.953125e-06,27.97376585006714,0.0
25,8,7,7,True,1.2138893327971654,0.1140625,28.55001974105835,0.0
26,8,3,3,True,0.5652847235979541,0.1140625,27.120202779769897,0.0
27,1,4,4,True,6.712568429949864e-07,1.953125e-06,27.73277187347412,0.0
28,0,9,9,True,0.6257621409800155,0.1140625,28.594939470291138,0.0
29,7,3,3,True,0.20615968243914762,0.010703125,27.765872478485107,0.0
30,2,5,5,True,0.773542608960358,0.1140625,28.11397433280945,0.0
31,5,4,4,True,0.5972943176203607,0.010703125,27.493489027023315,0.0
32,9,7,7,True,0.8964903920622044,0.1140625,27.433364152908325,0.0
33,7,6,6,True,1.020198501364006,0.1140625,27.444809436798096,0.0
34,3,4,4,True,0.5627116758700875,0.010703125,27.382722854614258,0.0
35,9,2,2,True,0.29926934424557766,0.010703125,28.097360610961914,0.0
36,8,1,1,True,1.40135800029654,1.28125,32.53943228721619,0.0
37,4,8,8,True,0.4165837344447295,0.010703125,37.91603112220764,0.0
38,2,1,1,True,1.225826601510891,0.1140625,35.8671977519989,0.0
39,1,4,4,True,6.571733078718169e-07,1.953125e-06,35.70162296295166,0.0
40,2,7,7,True,1.22082313863167,0.1140625,35.6322603225708,0.0
41,8,7,7,True,1.0585168902095166,0.1140625,34.217981576919556,0.0
42,9,5,5,True,0.48797301672573445,0.010703125,34.99555969238281,0.0
43,6,1,1,True,2.1548771565201537,1.28125,34.918598890304565,0.0
44,0,7,7,True,1.2376403594131666,0.1140625,37.8058340549469,0.0
45,9,2,2,True,0.8664070260102054,0.1140625,35.29856061935425,0.0
46,1,8,8,True,0.26853221452491627,0.010703125,36.3373920917511,0.0
47,5,6,6,True,0.541376344809913,0.1140625,35.54742360115051,0.0
48,4,7,7,True,1.1589469386766984,0.1140625,36.812941789627075,0.0
49,8,0,0,True,0.40888390969458793,0.010703125,32.12491822242737,0.0
0,0,3,3,True,0.22128227506296982,1.953125e-06,37.85904002189636,0.0
1,5,7,7,True,0.7275866192117356,0.1140625,37.87894344329834,0.0
2,0,3,3,True,6.394192490478948e-07,1.953125e-06,36.196595907211304,0.0
3,7,6,6,True,1.0062156268581102,0.1140625,35.837891817092896,0.0
4,0,5,5,True,0.9604243327156885,0.1140625,35.23497271537781,0.0
5,6,8,8,True,0.8070453062799819,0.1140625,35.90011811256409,0.0
6,4,1,1,True,1.9328470040451062,0.1140625,37.00155758857727,0.0
7,0,2,2,True,0.6649540021949603,0.1140625,34.46767544746399,0.0
8,5,4,4,True,0.8345752204377539,0.1140625,35.94073462486267,0.0
9,1,6,6,True,0.6561005740118575,0.1140625,34.012667179107666,0.0
10,2,1,1,True,1.7974556026360917,1.28125,34.03544306755066,0.0
11,0,9,9,True,0.9323476991207004,0.1140625,34.434645652770996,0.0
12,2,1,1,True,1.8007126006903584,0.1140625,35.07748889923096,0.0
13,1,6,6,True,0.6791072868257312,0.1140625,36.76327872276306,0.0
14,8,9,9,True,0.8082534884971333,0.1140625,36.339354038238525,0.0
15,3,2,2,True,0.5555152626790707,0.010703125,32.393569469451904,0.0
16,2,3,3,True,6.496440602541098e-07,1.953125e-06,34.34950137138367,0.0
17,2,0,0,True,0.510405916632766,0.1140625,33.793052673339844,0.0
18,0,1,1,True,1.0094833126946718,0.1140625,34.54592442512512,0.0
19,3,5,5,True,0.60635065639231,0.1140625,34.344181537628174,0.0
20,4,6,6,True,0.16743867424947934,0.010703125,36.17878198623657,0.0
21,6,5,5,True,0.6533420256925241,0.1140625,34.3943829536438,0.0
22,4,8,8,True,0.0021222174368436234,1.953125e-06,34.3056800365448,0.0
23,4,0,0,True,0.42435015334594806,0.1140625,31.07774066925049,0.0
24,7,1,1,True,1.5100318506178507,1.28125,32.83317828178406,0.0
25,6,9,9,True,1.2567514244422102,0.1140625,33.4978506565094,0.0
26,5,2,2,True,0.45224174377154985,0.010703125,34.787763357162476,0.0
27,9,6,6,True,0.19302707593745452,0.010703125,38.07056641578674,0.0
28,2,9,9,True,1.2411246401052176,0.1140625,36.416857957839966,0.0
29,1,5,5,True,0.7407971660881133,0.1140625,35.5590717792511,0.0
30,4,9,9,True,1.1168083134292572,0.1140625,33.017646074295044,0.0
31,3,4,4,True,0.7582893051389331,0.1140625,35.00111675262451,0.0
32,6,3,3,True,5.164064005364018e-07,1.953125e-06,35.36919617652893,0.0
33,9,1,1,True,0.6778941996656994,0.1140625,36.6181366443634,0.0
34,2,4,4,True,0.498559276808063,0.010703125,36.37252736091614,0.0
35,6,2,2,True,0.5929209794213578,0.010703125,35.23550295829773,0.0
36,3,5,5,True,0.5148146648613864,0.1140625,34.89176392555237,0.0
37,4,9,9,True,1.0555666050137429,0.1140625,33.472941637039185,0.0
38,5,6,6,True,0.854003278100648,0.1140625,34.64451599121094,0.0
39,3,2,2,True,0.48868534914219836,0.010703125,33.833558082580566,0.0
40,3,7,7,True,0.837920999754469,0.1140625,35.89727258682251,0.0
41,2,1,1,True,1.2334629504079122,0.1140625,36.76383113861084,0.0
42,4,9,9,True,1.2395869450022337,0.1140625,36.02593278884888,0.0
43,1,6,6,True,0.3176877244404074,0.010703125,33.47620725631714,0.0
44,1,3,3,True,0.31882655495984036,0.010703125,34.92354679107666,0.0
45,5,8,8,True,0.7245997507941976,0.1140625,33.716222286224365,0.0
46,5,9,9,True,1.6424109774172981,0.1140625,35.53323554992676,0.0
47,1,8,8,True,0.1420010423588441,0.010703125,36.166399240493774,0.0
48,1,6,6,True,0.47404323767578627,0.010703125,37.42215847969055,0.0
49,1,8,8,True,0.31223053042809973,0.010703125,35.63697004318237,0.0
0,6,7,7,True,1.1418252665395727,0.1140625,36.46111845970154,0.0
1,2,9,9,True,1.1801141636790045,0.1140625,33.82146596908569,0.0
2,8,3,3,True,0.1988630297886899,0.010703125,35.78635883331299,0.0
3,6,1,1,True,1.435849361599584,0.1140625,33.06001329421997,0.0
4,5,2,2,True,0.5504910942521428,0.010703125,36.501368045806885,0.0
5,5,3,3,True,7.10818189487937e-07,1.953125e-06,36.509745836257935,0.0
6,7,0,0,True,0.9141024393338527,0.1140625,36.78643274307251,0.0
7,2,7,7,True,1.2370147967644711,0.1140625,36.298941135406494,0.0
8,0,9,9,True,1.1737695257250778,0.1140625,34.60523724555969,0.0
9,4,7,7,True,0.9058677261711118,0.1140625,35.658552169799805,0.0
10,3,0,0,True,0.5509188054159196,0.1140625,34.93014478683472,0.0
11,0,8,8,True,0.9713831156626149,0.1140625,35.95563507080078,0.0
12,9,1,1,True,1.124870292815656,0.1140625,37.08799958229065,0.0
13,2,3,3,True,6.375608789267401e-07,1.953125e-06,35.73301553726196,0.0
14,4,6,6,True,0.6279657570074,0.1140625,33.64025092124939,0.0
15,4,5,5,True,0.7862181433575224,0.1140625,32.36345314979553,0.0
16,3,9,9,True,0.7941843121207144,0.1140625,34.45912456512451,0.0
17,8,2,2,True,0.5026109592854998,0.010703125,37.11301231384277,0.0
18,7,9,9,True,1.3356744161415455,0.1140625,37.36589527130127,0.0
19,9,2,2,True,0.5754252882368422,0.010703125,35.579782247543335,0.0
20,2,6,6,True,0.6398650057549266,0.1140625,35.43292498588562,0.0
21,8,5,5,True,0.5164533954285306,0.1140625,34.86384344100952,0.0
22,6,9,9,True,0.8222160052552754,0.1140625,34.79843592643738,0.0
23,3,7,7,True,1.3386170134755402,0.1140625,35.09162759780884,0.0
24,1,3,3,True,0.15617890528683898,0.010703125,35.444669008255005,0.0
25,5,1,1,True,1.89261717701905,0.1140625,37.203227281570435,0.0
26,9,3,3,True,5.60030253190264e-07,1.953125e-06,36.62961506843567,0.0
27,6,8,8,True,7.26613074036308e-07,1.953125e-06,36.487448930740356,0.0
28,5,8,8,True,0.8475031912301896,0.1140625,33.76593732833862,0.0
29,2,8,8,True,0.21793829660732267,0.010703125,34.493155002593994,0.0
30,5,0,0,True,0.6139749867441948,0.1140625,35.492955684661865,0.0
31,2,8,8,True,0.37892190173355356,0.010703125,36.204705238342285,0.0
32,4,6,6,True,0.21513578334194605,1.953125e-06,37.591548681259155,0.0
33,5,3,3,True,7.695227129587813e-07,1.953125e-06,35.21592473983765,0.0
34,8,1,1,True,1.4036502543175124,1.28125,35.88315725326538,0.0
35,7,2,2,True,0.623339617127179,0.010703125,34.328182220458984,0.0
36,1,3,3,True,7.005130811657404e-07,1.953125e-06,33.360275745391846,0.0
37,1,4,4,True,0.3817022923885164,0.010703125,35.732527017593384,0.0
38,2,0,0,True,1.0137719489001613,0.1140625,37.95771408081055,0.0
39,2,5,5,True,0.6146585585467284,0.1140625,37.41304683685303,0.0
40,6,1,1,True,1.2566166755402821,0.1140625,36.86103701591492,0.0
41,9,1,1,True,1.2118118083152507,0.1140625,34.10883641242981,0.0
42,5,0,0,True,1.3506660796224128,0.1140625,36.687437772750854,0.0
43,5,9,9,True,1.3879365543546576,0.1140625,35.345696449279785,0.0
44,8,5,5,True,0.5823414123340848,0.1140625,37.01500487327576,0.0
45,6,1,1,True,1.770914375096303,0.1140625,37.13455605506897,0.0
46,8,3,3,True,0.8465671134476616,0.1140625,37.99666976928711,0.0
47,3,5,5,True,0.3953754721683043,0.010703125,36.21261405944824,0.0
48,0,8,8,True,0.1802117950092271,1.953125e-06,27.540170431137085,0.0
49,8,2,2,True,0.8287275389537523,0.1140625,28.221591234207153,0.0
0,6,3,3,True,0.20910538530053221,1.953125e-06,28.116456508636475,0.0
1,9,1,1,True,0.6397334151568618,0.1140625,27.845359802246094,0.0
2,6,1,1,True,1.3539399421844904,0.1140625,28.743640661239624,0.0
3,4,0,0,True,0.6106663738903165,0.1140625,28.470263957977295,0.0
4,8,7,7,True,1.5149147493152448,0.1140625,28.437089443206787,0.0
5,7,5,5,True,0.3924919717113418,0.010703125,28.30717372894287,0.0
6,4,0,0,True,0.16941592099588887,0.010703125,30.47885823249817,0.0
7,6,1,1,True,1.148385701990093,0.1140625,27.794764757156372,0.0
8,8,3,3,True,8.001313061929876e-07,1.953125e-06,28.653936862945557,0.0
9,9,6,6,True,0.5184421165679252,0.1140625,28.38736915588379,0.0
10,2,8,8,True,0.5136505238552165,0.010703125,28.37285852432251,0.0
11,4,9,9,True,1.1779676114699336,0.1140625,28.770699739456177,0.0
12,9,0,0,True,0.12355854732720832,0.010703125,28.947641849517822,0.0
13,4,1,1,True,1.7592323502867755,1.28125,27.692986726760864,0.0
14,9,3,3,True,0.1775930912073399,1.953125e-06,27.797633409500122,0.0
15,3,0,0,True,0.6399014271135567,0.010703125,29.053487062454224,0.0
16,8,4,4,True,0.5262837812767044,0.010703125,27.245444536209106,0.0
17,0,5,5,True,1.6314183904617903,0.1140625,28.261263608932495,0.0
18,3,6,6,True,0.45246856100764904,0.010703125,28.166346788406372,0.0
19,0,7,7,True,1.3381939397992513,0.1140625,28.0064914226532,0.0
20,3,6,6,True,0.9185877234982617,0.1140625,28.012686729431152,0.0
21,9,1,1,True,0.7818482969070956,0.1140625,27.859168767929077,0.0
22,4,7,7,True,1.0182573098328414,0.1140625,27.57577347755432,0.0
23,3,0,0,True,0.681424300617968,0.1140625,29.146636962890625,0.0
24,0,3,3,True,0.10078953073178597,0.010703125,28.271252870559692,0.0
25,2,8,8,True,0.4870986349945427,0.1140625,28.527535915374756,0.0
26,8,6,6,True,6.283163452982087e-07,1.953125e-06,28.882458448410034,0.0
27,7,9,9,True,0.8142459157549071,0.1140625,27.484577894210815,0.0
28,6,4,4,True,0.015471083115603083,1.953125e-06,27.8742892742157,0.0
29,9,4,4,True,5.838612675209363e-07,1.953125e-06,28.343180179595947,0.0
30,1,6,6,True,0.1812419207186322,0.010703125,27.43940305709839,0.0
31,9,2,2,True,1.044441697498073,0.1140625,27.540440320968628,0.0
32,6,9,9,True,0.9978283308800163,0.1140625,28.615389823913574,0.0
33,3,2,2,True,0.7704044557975345,0.1140625,27.61681818962097,0.0
34,4,3,3,True,6.285040589858037e-07,1.953125e-06,28.119124174118042,0.0
35,3,0,0,True,0.35954848538714845,0.010703125,28.597453832626343,0.0
36,0,7,7,True,0.5385679657919817,0.1140625,27.380505323410034,0.0
37,6,0,0,True,0.7761594866381685,0.1140625,27.702887773513794,0.0
38,5,8,8,True,0.8713526319698143,0.1140625,28.708559036254883,0.0
39,7,5,5,True,0.4775991733529894,0.010703125,27.060001373291016,0.0
40,6,9,9,True,1.5246924293408672,0.1140625,27.44336771965027,0.0
41,4,7,7,True,0.6595694738760585,0.1140625,28.59829092025757,0.0
42,8,7,7,True,1.4759773830862315,0.1140625,29.136371612548828,0.0
43,9,4,4,True,0.08607850914743222,1.953125e-06,29.038939714431763,0.0
44,6,8,8,True,0.9631515984943811,0.1140625,30.342560291290283,0.0
45,4,9,9,True,0.8775508347483033,0.1140625,28.230945825576782,0.0
46,7,4,4,True,0.15843837225220575,0.010703125,28.43257212638855,0.0
47,0,5,5,True,1.6050953674504327,0.1140625,28.419281005859375,0.0
48,9,6,6,True,0.6545215733282498,0.1140625,28.98568344116211,0.0
49,0,8,8,True,0.22372552873743137,1.953125e-06,29.81347346305847,0.0
0,0,5,5,True,1.1407306569950997,0.1140625,28.958060026168823,0.0
1,7,2,2,True,0.9818172224638969,0.1140625,29.062161445617676,0.0
2,4,1,1,True,1.4011639916246335,0.1140625,27.545284271240234,0.0
3,1,9,9,True,0.8942537501989427,0.1140625,26.838768243789673,0.0
4,9,8,8,True,0.39969045314339086,0.010703125,27.913746118545532,0.0
5,2,3,3,True,4.422085916770066e-07,1.953125e-06,28.10239839553833,0.0
6,8,0,0,True,0.4772126812339475,0.1140625,26.954381227493286,0.0
7,4,7,7,True,0.9394167379521765,0.1140625,28.062859296798706,0.0
8,1,6,6,True,0.5258032444155524,0.1140625,27.7609646320343,0.0
9,0,2,2,True,0.5499602888683172,0.1140625,26.95763897895813,0.0
10,2,4,4,True,6.514466602592772e-07,1.953125e-06,27.98757266998291,0.0
11,5,8,8,True,1.0622882632041246,0.1140625,28.16563081741333,0.0
12,3,4,4,True,0.64725920467381,0.010703125,27.96207356452942,0.0
13,0,8,8,True,0.5181918554117241,0.010703125,28.802775144577026,0.0
14,9,8,8,True,0.29768614631359464,0.010703125,28.87465524673462,0.0
15,3,1,1,True,1.4536369816414798,0.1140625,28.483047246932983,0.0
16,3,0,0,True,0.9610732688203728,0.1140625,28.5830295085907,0.0
17,3,4,4,True,0.1481306329794878,0.010703125,28.587913274765015,0.0
18,2,0,0,True,0.21544275010763808,0.010703125,28.64178156852722,0.0
19,5,8,8,True,1.2856640957315495,0.1140625,27.952688932418823,0.0
20,1,6,6,True,0.9371713698100266,0.1140625,28.967227458953857,0.0
21,9,1,1,True,0.9168376690858491,0.1140625,28.741970539093018,0.0
22,3,5,5,True,0.5937152149651975,0.1140625,27.169999837875366,0.0
23,8,6,6,True,1.1860296281455667,0.1140625,28.9561505317688,0.0
24,5,8,8,True,1.1472464892694654,0.1140625,28.75394296646118,0.0
25,6,0,0,True,0.8564303145623259,0.1140625,28.36668825149536,0.0
26,5,9,9,True,1.3438717099450108,0.1140625,27.645851612091064,0.0
27,8,2,2,True,1.0741989411348314,0.1140625,28.65476131439209,0.0
28,5,0,0,True,1.0637935169611232,0.1140625,28.85439968109131,0.0
29,8,9,9,True,1.2800887823607032,0.1140625,27.549281358718872,0.0
30,7,4,4,True,0.2690269063872999,0.010703125,28.986244201660156,0.0
31,4,9,9,True,1.21813876156498,0.1140625,29.00198769569397,0.0
32,0,3,3,True,0.46689582318667994,0.010703125,27.7849600315094,0.0
33,4,0,0,True,0.7245490776535776,0.1140625,28.75999164581299,0.0
34,4,2,2,True,0.6744518102648305,0.010703125,27.063719749450684,0.0
35,5,2,2,True,0.5382262114580355,0.010703125,26.768200874328613,0.0
36,7,2,2,True,0.28722171791293916,0.010703125,29.445945262908936,0.0
37,7,8,8,True,0.8649430656438722,0.1140625,29.090080976486206,0.0
38,7,4,4,True,0.7479790240957384,0.1140625,28.276392459869385,0.0
39,2,6,6,True,0.2568413911537787,0.010703125,29.31159019470215,0.0
40,7,0,0,True,0.7429773243951862,0.1140625,27.652287244796753,0.0
41,8,6,6,True,0.9649319627722677,0.1140625,27.53532838821411,0.0
42,1,4,4,True,6.582770846145098e-07,1.953125e-06,28.275118112564087,0.0
43,5,0,0,True,1.08737471724841,0.1140625,29.216145515441895,0.0
44,5,8,8,True,1.1399812318695832,0.1140625,28.680904865264893,0.0
45,9,8,8,True,0.42107147058775385,0.010703125,28.395587682724,0.0
46,7,5,5,True,0.6972264724980158,0.1140625,27.546051025390625,0.0
47,3,9,9,True,1.1451525775581441,0.1140625,27.098113536834717,0.0
48,8,2,2,True,0.3736816916670715,0.010703125,26.85171914100647,0.0
49,6,4,4,True,0.3349107532331943,0.010703125,26.920040130615234,0.0
0,7,4,4,True,6.105167558261224e-07,1.953125e-06,29.112175703048706,0.0
1,6,8,8,True,0.8267789012977802,0.1140625,28.25762939453125,0.0
2,7,2,2,True,0.1362705923626617,0.010703125,28.568246841430664,0.0
3,1,0,0,True,0.4739943864405479,0.010703125,28.659981966018677,0.0
4,7,1,1,True,1.6775424478905108,1.28125,28.816718101501465,0.0
5,1,8,8,True,0.23342256142029985,0.010703125,28.741040229797363,0.0
6,7,4,4,True,0.6758493819097126,0.010703125,29.569250106811523,0.0
7,6,8,8,True,0.9288492992194161,0.1140625,29.32162308692932,0.0
8,8,1,1,True,1.7268482506882739,1.28125,28.05425786972046,0.0
9,9,7,7,True,0.22423057126241466,0.010703125,28.774818181991577,0.0
10,1,6,6,True,0.5023608203319107,0.1140625,27.22377109527588,0.0
11,6,1,1,True,1.5188178027681172,0.1140625,27.39724636077881,0.0
12,3,9,9,True,1.273086265382967,0.1140625,27.766361713409424,0.0
13,6,3,3,True,0.10332161338290065,1.953125e-06,28.500350952148438,0.0
14,4,6,6,True,0.5546841688459063,0.1140625,27.218311071395874,0.0
15,3,6,6,True,0.4210436895618545,0.1140625,28.247408390045166,0.0
16,2,6,6,True,0.41982965565666175,0.010703125,28.05704092979431,0.0
17,8,6,6,True,0.6485706330556174,0.1140625,28.12914752960205,0.0
18,8,4,4,True,0.8744975418483762,0.1140625,28.590307474136353,0.0
19,6,8,8,True,0.23718305696691086,0.010703125,28.019184589385986,0.0
20,7,5,5,True,1.031332648462201,0.1140625,28.23551082611084,0.0
21,9,8,8,True,0.2030193989691473,0.010703125,28.835349559783936,0.0
22,2,8,8,True,0.566605184412639,0.1140625,27.162970781326294,0.0
23,7,3,3,True,6.034932556202746e-07,1.953125e-06,27.14989972114563,0.0
24,7,5,5,True,0.42472905329739896,0.010703125,28.680374145507812,0.0
25,6,2,2,True,0.015897347983488547,1.953125e-06,28.780860900878906,0.0
26,2,0,0,True,0.4840205341467844,0.010703125,29.579219341278076,0.0
27,9,7,7,True,0.9194491522349304,0.1140625,29.13089895248413,0.0
28,0,9,9,True,0.8944944682326048,0.1140625,28.044472694396973,0.0
29,6,7,7,True,1.3361526672913366,0.1140625,28.453259468078613,0.0
30,1,2,2,True,0.5990695573672635,0.010703125,28.13511061668396,0.0
31,0,3,3,True,0.32847440372537473,0.010703125,29.132821559906006,0.0
32,3,7,7,True,0.949734018133601,0.1140625,29.223970890045166,0.0
33,2,7,7,True,0.9478839547238496,0.1140625,28.363250494003296,0.0
34,0,8,8,True,0.16115655435145415,1.953125e-06,28.384437084197998,0.0
35,2,8,8,True,0.7634889817807445,0.1140625,28.08012866973877,0.0
36,4,1,1,True,1.4657873751035864,0.1140625,27.365487575531006,0.0
37,1,8,8,True,0.7565494511962901,0.1140625,26.872185230255127,0.0
38,1,6,6,True,0.2769920375588479,0.010703125,27.56952691078186,0.0
39,3,7,7,True,1.0513110898986253,0.1140625,27.298057079315186,0.0
40,0,6,6,True,0.7546242570935027,0.1140625,28.242397785186768,0.0
41,4,1,1,True,1.1389572283288985,0.1140625,27.625181913375854,0.0
42,2,8,8,True,0.9043659488670583,0.1140625,27.386106967926025,0.0
43,8,6,6,True,1.3859204640680045,0.1140625,28.26311731338501,0.0
44,4,9,9,True,1.1041715849760867,0.1140625,28.49386954307556,0.0
45,4,9,9,True,0.9338958762123893,0.1140625,28.439382791519165,0.0
46,3,5,5,True,0.5173457073703468,0.1140625,29.05336356163025,0.0
47,2,4,4,True,0.20743315750443136,0.010703125,28.546344995498657,0.0
48,6,9,9,True,0.9104563991742621,0.1140625,28.097037315368652,0.0
49,9,6,6,True,0.4563340305650919,0.010703125,27.8090558052063,0.0
0,0,2,2,True,0.014245519989201772,1.953125e-06,28.83948016166687,0.0
1,1,6,6,True,0.6537243743965265,0.1140625,28.692370891571045,0.0
2,8,0,0,True,2.3006730950132143e-07,1.953125e-06,27.766592025756836,0.0
3,5,3,3,True,6.780655165958293e-07,1.953125e-06,28.84045386314392,0.0
4,8,4,4,True,0.8076912455062729,0.010703125,28.09923243522644,0.0
5,6,4,4,True,0.16323070610803808,0.010703125,27.148099660873413,0.0
6,5,4,4,True,0.7753596455801667,0.1140625,28.47359561920166,0.0
7,9,3,3,True,0.20719017370866463,1.953125e-06,28.481682777404785,0.0
8,8,6,6,True,0.35971248370914655,0.010703125,27.80693531036377,0.0
9,9,4,4,True,7.483418841540039e-07,1.953125e-06,27.53379464149475,0.0
10,0,7,7,True,1.174258846529829,0.1140625,28.831595182418823,0.0
11,5,2,2,True,0.5641410783470835,0.010703125,28.670159101486206,0.0
12,5,2,2,True,0.15189958281208607,0.00103515625,27.319842100143433,0.0
13,1,2,2,True,0.4795835916759857,0.010703125,28.800630569458008,0.0
14,8,7,7,True,1.3388410547601213,0.1140625,29.098283290863037,0.0
15,6,4,4,True,8.126855477745976e-07,1.953125e-06,27.852556943893433,0.0
16,1,9,9,True,1.1960690167521575,0.1140625,29.521941423416138,0.0
17,3,0,0,True,0.337689974087935,0.010703125,27.987431526184082,0.0
18,1,6,6,True,0.22778611421513661,0.010703125,27.181845903396606,0.0
19,1,7,7,True,0.7278705430625634,0.1140625,29.373141050338745,0.0
20,1,4,4,True,0.2808814282838236,0.010703125,28.63233208656311,0.0
21,1,0,0,True,0.1528541378327796,0.010703125,28.64468502998352,0.0
22,5,6,6,True,0.52824268722708,0.1140625,28.72808814048767,0.0
23,1,7,7,True,0.7953494559884436,0.1140625,27.49611735343933,0.0
24,4,8,8,True,0.6959388997372621,0.1140625,27.110400199890137,0.0
25,0,9,9,True,0.9742880618379147,0.1140625,27.500039100646973,0.0
26,5,0,0,True,0.6330928887737466,0.1140625,27.906712293624878,0.0
27,5,7,7,True,0.5754497593509874,0.1140625,28.07117486000061,0.0
28,2,8,8,True,0.31286569893713595,0.010703125,27.403035402297974,0.0
29,8,3,3,True,8.749516608604551e-07,1.953125e-06,28.048518896102905,0.0
30,8,7,7,True,1.1002864074646828,0.1140625,26.873895406723022,0.0
31,3,5,5,True,0.07288413585181507,1.953125e-06,27.181050777435303,0.0
32,8,7,7,True,1.1342654677125268,0.1140625,27.449825048446655,0.0
33,2,6,6,True,0.5407615092371465,0.1140625,29.013091802597046,0.0
34,6,0,0,True,1.0458545550945348,0.1140625,28.02547574043274,0.0
35,3,5,5,True,0.20864431397019273,1.953125e-06,28.713019371032715,0.0
36,5,7,7,True,1.2124815909964362,0.1140625,28.67416000366211,0.0
37,2,1,1,True,1.5713526379210416,0.1140625,27.05100393295288,0.0
38,0,7,7,True,0.9358496126359489,0.1140625,28.317960739135742,0.0
39,7,5,5,True,0.42491646534751065,0.010703125,28.641639709472656,0.0
40,5,6,6,True,0.45477882660992264,0.1140625,28.61959171295166,0.0
41,7,5,5,True,0.5170711985856634,0.010703125,28.70952033996582,0.0
42,3,1,1,True,1.8615436889456212,0.1140625,28.278085231781006,0.0
43,7,5,5,True,0.6088171630875034,0.1140625,26.717118978500366,0.0
44,0,9,9,True,1.0495952734445355,0.1140625,27.955572366714478,0.0
45,5,0,0,True,0.3205762568076947,0.010703125,28.07259964942932,0.0
46,8,9,9,True,1.0495145742850156,0.1140625,27.860101461410522,0.0
47,6,3,3,True,4.616655338580241e-07,1.953125e-06,28.299938917160034,0.0
48,3,4,4,True,0.7931485277658705,0.1140625,28.897089958190918,0.0
49,3,5,5,True,0.6039827631439266,0.1140625,28.330573081970215,0.0
0,9,2,2,True,0.8704545964884568,0.1140625,28.133516311645508,0.0
1,7,4,4,True,0.2655121479407256,0.010703125,28.802802085876465,0.0
2,1,3,3,True,0.06212499365168526,1.953125e-06,27.7097065448761,0.0
3,9,1,1,True,1.1586793174707823,0.1140625,28.085909843444824,0.0
4,3,6,6,True,0.728907298325483,0.1140625,29.089282274246216,0.0
5,7,9,9,True,1.430270216960477,0.1140625,28.139828205108643,0.0
6,3,7,7,True,1.026666396180237,0.1140625,27.11118721961975,0.0
7,9,1,1,True,0.7273679800945302,0.1140625,27.93781352043152,0.0
8,4,1,1,True,1.1735926945813262,0.1140625,28.682597875595093,0.0
9,2,0,0,True,0.5133561008635164,0.1140625,28.525599002838135,0.0
10,1,4,4,True,0.34805287014542713,0.010703125,27.63281512260437,0.0
11,6,3,3,True,8.188523650343592e-07,1.953125e-06,29.289997100830078,0.0
12,7,2,2,True,0.2413099217117802,0.010703125,28.24984097480774,0.0
13,6,3,3,True,0.8059593445626713,0.1140625,27.30579972267151,0.0
14,7,5,5,True,0.36147969134256047,0.010703125,28.15548014640808,0.0
15,7,2,2,True,0.7090783595484059,0.1140625,28.483692407608032,0.0
16,0,6,6,True,0.4607868271597218,0.1140625,26.92779231071472,0.0
17,3,5,5,True,0.7868544021225388,0.1140625,27.583266258239746,0.0
18,7,8,8,True,0.7237313186790819,0.1140625,26.91374397277832,0.0
19,0,5,5,True,1.0612655649290612,0.1140625,27.59996199607849,0.0
20,4,5,5,True,0.6322021602226237,0.1140625,28.398976802825928,0.0
21,7,4,4,True,7.366060979516133e-07,1.953125e-06,28.559784650802612,0.0
22,0,4,4,True,0.8595086427290678,0.1140625,28.333412647247314,0.0
23,7,1,1,True,1.8234757864756295,1.28125,29.327619791030884,0.0
24,0,1,1,True,1.1122446688701977,0.1140625,27.32110047340393,0.0
25,6,9,9,True,0.9893125196959741,0.1140625,27.74483609199524,0.0
26,1,0,0,True,0.14623913899872792,0.010703125,28.446636199951172,0.0
27,1,8,8,True,0.41918836892309375,0.010703125,28.455505847930908,0.0
28,3,4,4,True,7.424270847367939e-07,1.953125e-06,28.705649852752686,0.0
29,8,9,9,True,0.6117683751036143,0.1140625,28.80386734008789,0.0
30,3,7,7,True,1.2284017974082644,0.1140625,28.097732543945312,0.0
31,4,2,2,True,0.34623198278146333,0.010703125,27.590855360031128,0.0
32,4,3,3,True,0.38642883993677885,0.010703125,27.676662921905518,0.0
33,2,6,6,True,0.2632292812232938,0.010703125,27.81575059890747,0.0
34,7,9,9,True,1.2001902469189785,0.1140625,29.100765228271484,0.0
35,9,6,6,True,0.23295877457055372,0.010703125,28.965754985809326,0.0
36,7,5,5,True,0.465073216324439,0.010703125,28.53530740737915,0.0
37,1,3,3,True,0.43722038189014495,0.010703125,27.940937757492065,0.0
38,2,8,8,True,0.28022703258465725,0.010703125,27.866770029067993,0.0
39,9,4,4,True,0.4658382900135835,0.010703125,28.099372148513794,0.0
40,4,1,1,True,1.234644462049696,0.1140625,28.48900079727173,0.0
41,5,7,7,True,1.0192555606550944,0.1140625,28.014293670654297,0.0
42,4,1,1,True,1.9712772799523097,1.28125,27.57580327987671,0.0
43,9,7,7,True,0.5253632832613152,0.010703125,28.323957204818726,0.0
44,4,3,3,True,0.3961021572928753,0.010703125,28.211827039718628,0.0
45,2,6,6,True,0.4062350710546644,0.1140625,27.960440635681152,0.0
46,2,3,3,True,0.3493445048390174,0.010703125,28.68561816215515,0.0
47,1,8,8,True,0.34708104071407575,0.010703125,28.101078748703003,0.0
48,1,7,7,True,0.8072401871213266,0.1140625,28.198586463928223,0.0
49,0,6,6,True,0.7314371228237071,0.1140625,29.464879989624023,0.0
0,7,1,1,True,1.624959505016767,0.1140625,28.738702297210693,0.0
1,8,5,5,True,0.931104365744571,0.1140625,28.16736340522766,0.0
2,4,0,0,True,0.8917500266804222,0.1140625,29.588417291641235,0.0
3,5,7,7,True,1.1428933776492716,0.1140625,28.159242868423462,0.0
4,2,0,0,True,0.2804354687764465,0.010703125,27.88920569419861,0.0
5,1,7,7,True,0.8792864845912641,0.1140625,28.900285720825195,0.0
6,0,6,6,True,0.8168571723562861,0.1140625,26.795445919036865,0.0
7,8,1,1,True,1.2611047532196282,0.1140625,27.73473286628723,0.0
8,2,3,3,True,0.4206488770032262,0.010703125,28.290024280548096,0.0
9,5,7,7,True,1.1181531880612046,0.1140625,27.13372015953064,0.0
10,5,6,6,True,1.0808203907654692,0.1140625,28.312755346298218,0.0
11,2,9,9,True,1.4509365050069867,0.1140625,28.077463150024414,0.0
12,6,5,5,True,0.6785267092733315,0.1140625,27.96334934234619,0.0
13,3,5,5,True,0.5720546971641983,0.1140625,27.889817476272583,0.0
14,6,2,2,True,0.37512338118567734,0.010703125,27.93119764328003,0.0
15,7,0,0,True,0.886497503566508,0.1140625,28.781413555145264,0.0
16,3,2,2,True,0.45305261362608285,0.010703125,29.723577737808228,0.0
17,0,5,5,True,0.6351260995688303,0.1140625,28.519760131835938,0.0
18,0,9,9,True,1.521419107508759,0.1140625,29.055761575698853,0.0
19,1,5,5,True,0.8787130864124091,0.1140625,28.089808702468872,0.0
20,9,1,1,True,0.8423700704479877,0.1140625,27.05812907218933,0.0
21,3,7,7,True,1.1508626439042486,0.1140625,29.59994864463806,0.0
22,7,2,2,True,0.42070434768484916,0.010703125,28.259453773498535,0.0
23,0,8,8,True,7.592312764856775e-07,1.953125e-06,29.944586515426636,0.0
24,4,5,5,True,0.47590792368051554,0.1140625,27.880650997161865,0.0
25,1,0,0,True,0.8510153876503646,0.1140625,28.61530303955078,0.0
26,2,7,7,True,1.0466366396887414,0.1140625,27.46767520904541,0.0
27,7,5,5,True,0.5437726991672901,0.1140625,28.402295112609863,0.0
28,1,2,2,True,0.7473933699475319,0.1140625,29.312711477279663,0.0
29,7,5,5,True,7.176286140896186e-07,1.953125e-06,28.27942967414856,0.0
30,6,5,5,True,0.44814972765385563,0.010703125,28.595134258270264,0.0
31,7,3,3,True,7.136240616708207e-07,1.953125e-06,28.264206409454346,0.0
32,3,0,0,True,0.21844873800552747,0.010703125,27.762309312820435,0.0
33,7,3,3,True,6.933244652304412e-07,1.953125e-06,28.25930666923523,0.0
34,8,6,6,True,0.8569733439298263,0.1140625,28.68727207183838,0.0
35,1,5,5,True,0.1810177202560343,1.953125e-06,28.568963050842285,0.0
36,2,6,6,True,0.1789334584664784,0.010703125,29.205667734146118,0.0
37,5,1,1,True,1.6050166400747976,1.28125,27.635062217712402,0.0
38,1,8,8,True,6.152173407255973e-07,1.953125e-06,28.193281173706055,0.0
39,0,4,4,True,0.49432963499515087,0.010703125,27.86314344406128,0.0
40,0,8,8,True,0.28514033756537405,0.010703125,28.60655903816223,0.0
41,3,0,0,True,0.531059511477751,0.1140625,28.353155851364136,0.0
42,3,2,2,True,0.6297322174550961,0.1140625,28.90683674812317,0.0
43,6,8,8,True,0.39494341858493165,0.010703125,28.611487865447998,0.0
44,6,2,2,True,0.5441861672385656,0.010703125,26.87003803253174,0.0
45,2,8,8,True,0.5166106484665154,0.010703125,27.8603937625885,0.0
46,5,7,7,True,1.2304433668636838,0.1140625,27.725037336349487,0.0
47,0,5,5,True,0.5063688739094354,0.1140625,27.12891912460327,0.0
48,0,5,5,True,1.3722655242303106,0.1140625,27.658266067504883,0.0
49,7,0,0,True,0.834300711535704,0.1140625,28.502930402755737,0.0
0,7,2,2,True,0.21643603426343075,0.010703125,28.140235424041748,0.0
1,7,0,0,True,0.8710660374086424,0.1140625,28.313088178634644,0.0
2,9,6,6,True,0.5452507421286463,0.1140625,28.38280463218689,0.0
3,6,2,2,True,0.31304507402359427,0.010703125,28.21877956390381,0.0
4,5,6,6,True,0.6739803197616456,0.1140625,29.21718716621399,0.0
5,4,2,2,True,0.5342881059547542,0.010703125,28.822917699813843,0.0
6,1,8,8,True,0.5842612130260676,0.1140625,28.759649753570557,0.0
7,7,9,9,True,0.5781568569994402,0.1140625,28.589681386947632,0.0
8,2,9,9,True,1.3463849249252529,0.1140625,27.57755708694458,0.0
9,1,8,8,True,0.5476716369992326,0.1140625,28.417703866958618,0.0
10,9,7,7,True,0.8076746042637968,0.1140625,27.77599859237671,0.0
11,2,3,3,True,7.578837375070352e-07,1.953125e-06,27.52347159385681,0.0
12,4,5,5,True,0.36073280987325884,0.010703125,29.210928678512573,0.0
13,5,1,1,True,1.5828154704149848,0.1140625,27.818582773208618,0.0
14,0,9,9,True,1.0473904835118428,0.1140625,27.365501880645752,0.0
15,3,7,7,True,0.799628493355805,0.1140625,28.666693687438965,0.0
16,6,0,0,True,0.5270372983809923,0.1140625,27.25673007965088,0.0
17,6,4,4,True,0.23084319133801973,0.010703125,27.61803364753723,0.0
18,7,6,6,True,0.6901797607092973,0.1140625,28.068033933639526,0.0
19,0,1,1,True,1.720691208900993,1.28125,27.532039642333984,0.0
20,3,7,7,True,0.9608153909153253,0.1140625,28.318856239318848,0.0
21,4,6,6,True,0.27969814365529244,0.010703125,27.402867078781128,0.0
22,9,3,3,True,0.1046417983491871,1.953125e-06,28.050929069519043,0.0
23,4,0,0,True,0.1534390081187793,0.010703125,28.298088550567627,0.0
24,3,6,6,True,0.9030938931820152,0.1140625,28.18975591659546,0.0
25,1,7,7,True,0.9611849582528628,0.1140625,27.411901712417603,0.0
26,6,2,2,True,0.15256633148476723,0.010703125,28.77920174598694,0.0
27,1,4,4,True,0.3249155393305167,0.010703125,28.48409652709961,0.0
28,5,9,9,True,1.7162417055556096,0.1140625,28.324561595916748,0.0
29,8,5,5,True,1.0898744312192576,0.1140625,29.276333570480347,0.0
30,1,4,4,True,0.2480764521589086,0.010703125,29.4771945476532,0.0
31,0,3,3,True,7.747529143304921e-07,1.953125e-06,28.606330633163452,0.0
32,4,5,5,True,0.6709805900549236,0.1140625,28.656777381896973,0.0
33,5,7,7,True,0.9752347541288229,0.1140625,28.288631200790405,0.0
34,7,8,8,True,1.2030204628451038,0.1140625,27.90627431869507,0.0
35,5,4,4,True,0.6015449125022626,0.010703125,27.93598198890686,0.0
36,5,6,6,True,0.45130890255762,0.1140625,29.01533794403076,0.0
37,0,8,8,True,0.25816259311298845,0.010703125,27.31689977645874,0.0
38,3,6,6,True,0.33179393590061457,0.010703125,28.027406215667725,0.0
39,3,4,4,True,0.7078083046626711,0.010703125,26.966339111328125,0.0
40,4,0,0,True,0.5067794562531093,0.1140625,27.532201051712036,0.0
41,0,8,8,True,0.15809448067344875,1.953125e-06,28.009519815444946,0.0
42,0,4,4,True,0.07438384691682459,0.00103515625,28.344745874404907,0.0
43,1,6,6,True,0.17707303428619814,0.010703125,28.566940784454346,0.0
44,2,9,9,True,1.2474949531223747,0.1140625,29.91215682029724,0.0
45,5,9,9,True,1.3006695307047205,0.1140625,27.645167589187622,0.0
46,6,0,0,True,0.715387814791114,0.1140625,27.63857364654541,0.0
47,7,0,0,True,0.000481611549226516,1.953125e-06,28.13048005104065,0.0
48,9,7,7,True,0.8361828524170052,0.1140625,27.616561889648438,0.0
49,2,7,7,True,0.9610821374729022,0.1140625,28.83710741996765,0.0
0,5,0,0,True,0.8436216327364338,0.1140625,28.969779014587402,0.0
1,5,7,7,True,1.1256331145795242,0.1140625,27.393365621566772,0.0
2,6,9,9,True,1.801028484989759,0.1140625,28.25864028930664,0.0
3,7,6,6,True,0.802200176761506,0.1140625,27.340177297592163,0.0
4,0,7,7,True,2.0240752051106212,0.1140625,27.05547833442688,0.0
5,5,4,4,True,1.3981669073598408,0.1140625,28.548500299453735,0.0
6,8,7,7,True,1.327392196444733,0.1140625,28.472069025039673,0.0
7,5,1,1,True,1.250054501299026,0.1140625,27.769837141036987,0.0
8,3,4,4,True,0.24461458358409435,0.010703125,28.07669949531555,0.0
9,2,3,3,True,6.185398353406261e-07,1.953125e-06,28.235267877578735,0.0
10,6,1,1,True,1.9352909538687195,0.1140625,29.263125896453857,0.0
11,8,7,7,True,0.7620085336202336,0.1140625,28.51576852798462,0.0
12,0,8,8,True,0.07690573796935371,1.953125e-06,28.489559173583984,0.0
13,8,6,6,True,1.1510453490231445,0.1140625,29.598705530166626,0.0
14,2,7,7,True,1.0900717876137742,0.1140625,28.343767642974854,0.0
15,8,9,9,True,1.098350441142916,0.1140625,27.59988784790039,0.0
16,9,0,0,True,0.8597661948646276,0.1140625,28.162047863006592,0.0
17,6,7,7,True,1.0136478840188436,0.1140625,28.178464889526367,0.0
18,9,8,8,True,6.660148134247267e-07,1.953125e-06,28.438284158706665,0.0
19,5,4,4,True,0.4942806482764211,0.010703125,29.386585235595703,0.0
20,4,5,5,True,5.965119272842436e-07,1.953125e-06,28.742363214492798,0.0
21,0,4,4,True,0.6157617639741316,0.010703125,28.065391302108765,0.0
22,1,9,9,True,0.8200361603811951,0.1140625,27.32749915122986,0.0
23,9,5,5,True,0.5278795699062446,0.010703125,28.07977271080017,0.0
24,9,8,8,True,0.0032963600652214974,1.953125e-06,27.685207843780518,0.0
25,2,6,6,True,0.619739182972193,0.1140625,28.766669273376465,0.0
26,5,3,3,True,5.130632311310416e-07,1.953125e-06,26.617684841156006,0.0
27,9,4,4,True,6.361444505164071e-07,1.953125e-06,26.875075101852417,0.0
28,4,9,9,True,1.0936751748784677,0.1140625,27.5528564453125,0.0
29,5,8,8,True,0.8843474420897527,0.1140625,28.090776205062866,0.0
30,6,7,7,True,1.379836592605476,0.1140625,28.515257120132446,0.0
31,8,1,1,True,0.8346845559796994,0.1140625,29.093434810638428,0.0
32,7,5,5,True,0.37473538122235683,0.010703125,28.92734146118164,0.0
33,8,0,0,True,0.41947176563082955,0.010703125,28.1825008392334,0.0
34,5,0,0,True,0.6885408628481176,0.1140625,28.947651386260986,0.0
35,1,6,6,True,0.38471237046442575,0.010703125,27.797850131988525,0.0
36,8,2,2,True,0.6054051519647918,0.1140625,30.092209339141846,0.0
37,0,6,6,True,0.8122190576625927,0.1140625,29.254015922546387,0.0
38,7,3,3,True,7.254662120481942e-07,1.953125e-06,29.8185031414032,0.0
39,5,9,9,True,1.2029283536249251,0.1140625,29.827491283416748,0.0
40,2,4,4,True,0.16467284590690723,0.010703125,28.314215898513794,0.0
41,6,7,7,True,1.0222806726090872,0.1140625,29.4672954082489,0.0
42,0,7,7,True,1.071559319011676,0.1140625,29.507502555847168,0.0
43,8,9,9,True,1.6435163904851868,0.1140625,29.067835330963135,0.0
44,9,4,4,True,0.5513443739762711,0.010703125,28.840077877044678,0.0
45,8,7,7,True,1.137324273505654,0.1140625,27.94989585876465,0.0
46,6,3,3,True,5.339622468532734e-07,1.953125e-06,27.466975212097168,0.0
47,6,7,7,True,1.4189291819884935,0.1140625,27.096651315689087,0.0
48,0,1,1,True,0.783139804173469,0.1140625,27.50157117843628,0.0
49,0,4,4,True,0.4720915581653631,0.010703125,27.984989404678345,0.0
